Number,Title,Acceptance,Difficulty,URL
1,Two Sum,56.9%,Easy,https://leetcode.com/problems/two-sum/
3,Longest Substring Without Repeating Characters,38.3%,Medium,https://leetcode.com/problems/longest-substring-without-repeating-characters/
5,Longest Palindromic Substring,37.1%,Medium,https://leetcode.com/problems/longest-palindromic-substring/
133,Clone Graph,64.4%,Medium,https://leetcode.com/problems/clone-graph/
383,Ransom Note,65.5%,Easy,https://leetcode.com/problems/ransom-note/
8,String to Integer (atoi),20.4%,Medium,https://leetcode.com/problems/string-to-integer-atoi/
11,Container With Most Water,59.3%,Medium,https://leetcode.com/problems/container-with-most-water/
139,Word Break,49.0%,Medium,https://leetcode.com/problems/word-break/
141,Linked List Cycle,53.7%,Easy,https://leetcode.com/problems/linked-list-cycle/
876,Middle of the Linked List,81.4%,Easy,https://leetcode.com/problems/middle-of-the-linked-list/
15,3Sum,38.4%,Medium,https://leetcode.com/problems/3sum/
994,Rotting Oranges,57.9%,Medium,https://leetcode.com/problems/rotting-oranges/
17,Letter Combinations of a Phone Number,65.3%,Medium,https://leetcode.com/problems/letter-combinations-of-a-phone-number/
146,LRU Cache,46.6%,Medium,https://leetcode.com/problems/lru-cache/
20,Valid Parentheses,43.5%,Easy,https://leetcode.com/problems/valid-parentheses/
21,Merge Two Sorted Lists,67.8%,Easy,https://leetcode.com/problems/merge-two-sorted-lists/
150,Evaluate Reverse Polish Notation,56.7%,Medium,https://leetcode.com/problems/evaluate-reverse-polish-notation/
23,Merge k Sorted Lists,58.6%,Hard,https://leetcode.com/problems/merge-k-sorted-lists/
278,First Bad Version,46.7%,Easy,https://leetcode.com/problems/first-bad-version/
409,Longest Palindrome,55.8%,Easy,https://leetcode.com/problems/longest-palindrome/
704,Binary Search,60.4%,Easy,https://leetcode.com/problems/binary-search/
155,Min Stack,57.6%,Medium,https://leetcode.com/problems/min-stack/
981,Time Based Key-Value Store,49.7%,Medium,https://leetcode.com/problems/time-based-key-value-store/
542,01 Matrix,53.1%,Medium,https://leetcode.com/problems/01-matrix/
543,Diameter of Binary Tree,64.9%,Easy,https://leetcode.com/problems/diameter-of-binary-tree/
416,Partition Equal Subset Sum,49.1%,Medium,https://leetcode.com/problems/partition-equal-subset-sum/
33,Search in Rotated Sorted Array,43.9%,Medium,https://leetcode.com/problems/search-in-rotated-sorted-array/
39,Combination Sum,75.9%,Medium,https://leetcode.com/problems/combination-sum/
295,Find Median from Data Stream,54.1%,Hard,https://leetcode.com/problems/find-median-from-data-stream/
169,Majority Element,66.0%,Easy,https://leetcode.com/problems/majority-element/
42,Trapping Rain Water,66.6%,Hard,https://leetcode.com/problems/trapping-rain-water/
297,Serialize and Deserialize Binary Tree,60.2%,Hard,https://leetcode.com/problems/serialize-and-deserialize-binary-tree/
46,Permutations,81.5%,Medium,https://leetcode.com/problems/permutations/
53,Maximum Subarray,52.8%,Medium,https://leetcode.com/problems/maximum-subarray/
54,Spiral Matrix,55.9%,Medium,https://leetcode.com/problems/spiral-matrix/
310,Minimum Height Trees,42.4%,Medium,https://leetcode.com/problems/minimum-height-trees/
56,Merge Intervals,50.9%,Medium,https://leetcode.com/problems/merge-intervals/
57,Insert Interval,44.6%,Medium,https://leetcode.com/problems/insert-interval/
438,Find All Anagrams in a String,53.1%,Medium,https://leetcode.com/problems/find-all-anagrams-in-a-string/
62,Unique Paths,66.5%,Medium,https://leetcode.com/problems/unique-paths/
322,Coin Change,47.8%,Medium,https://leetcode.com/problems/coin-change/
67,Add Binary,56.7%,Easy,https://leetcode.com/problems/add-binary/
70,Climbing Stairs,53.9%,Easy,https://leetcode.com/problems/climbing-stairs/
199,Binary Tree Right Side View,69.2%,Medium,https://leetcode.com/problems/binary-tree-right-side-view/
200,Number of Islands,63.6%,Medium,https://leetcode.com/problems/number-of-islands/
1235,Maximum Profit in Job Scheduling,54.6%,Hard,https://leetcode.com/problems/maximum-profit-in-job-scheduling/
75,Sort Colors,68.9%,Medium,https://leetcode.com/problems/sort-colors/
76,Minimum Window Substring,46.7%,Hard,https://leetcode.com/problems/minimum-window-substring/
78,Subsets,81.9%,Medium,https://leetcode.com/problems/subsets/
79,Word Search,46.6%,Medium,https://leetcode.com/problems/word-search/
206,Reverse Linked List,80.1%,Easy,https://leetcode.com/problems/reverse-linked-list/
207,Course Schedule,50.6%,Medium,https://leetcode.com/problems/course-schedule/
208,Implement Trie (Prefix Tree),69.0%,Medium,https://leetcode.com/problems/implement-trie-prefix-tree/
721,Accounts Merge,60.8%,Medium,https://leetcode.com/problems/accounts-merge/
84,Largest Rectangle in Histogram,49.1%,Hard,https://leetcode.com/problems/largest-rectangle-in-histogram/
217,Contains Duplicate,64.0%,Easy,https://leetcode.com/problems/contains-duplicate/
733,Flood Fill,67.7%,Easy,https://leetcode.com/problems/flood-fill/
224,Basic Calculator,46.4%,Hard,https://leetcode.com/problems/basic-calculator/
98,Validate Binary Search Tree,35.2%,Medium,https://leetcode.com/problems/validate-binary-search-tree/
226,Invert Binary Tree,79.7%,Easy,https://leetcode.com/problems/invert-binary-tree/
102,Binary Tree Level Order Traversal,72.0%,Medium,https://leetcode.com/problems/binary-tree-level-order-traversal/
230,Kth Smallest Element in a BST,76.3%,Medium,https://leetcode.com/problems/kth-smallest-element-in-a-bst/
104,Maximum Depth of Binary Tree,77.8%,Easy,https://leetcode.com/problems/maximum-depth-of-binary-tree/
105,Construct Binary Tree from Preorder and Inorder Traversal,68.2%,Medium,https://leetcode.com/problems/construct-binary-tree-from-preorder-and-inorder-traversal/
232,Implement Queue using Stacks,69.1%,Easy,https://leetcode.com/problems/implement-queue-using-stacks/
235,Lowest Common Ancestor of a Binary Search Tree,69.9%,Medium,https://leetcode.com/problems/lowest-common-ancestor-of-a-binary-search-tree/
236,Lowest Common Ancestor of a Binary Tree,68.5%,Medium,https://leetcode.com/problems/lowest-common-ancestor-of-a-binary-tree/
621,Task Scheduler,62.5%,Medium,https://leetcode.com/problems/task-scheduler/
110,Balanced Binary Tree,56.9%,Easy,https://leetcode.com/problems/balanced-binary-tree/
238,Product of Array Except Self,68.5%,Medium,https://leetcode.com/problems/product-of-array-except-self/
242,Valid Anagram,67.6%,Easy,https://leetcode.com/problems/valid-anagram/
973,K Closest Points to Origin,68.6%,Medium,https://leetcode.com/problems/k-closest-points-to-origin/
121,Best Time to Buy and Sell Stock,56.2%,Easy,https://leetcode.com/problems/best-time-to-buy-and-sell-stock/
125,Valid Palindrome,52.5%,Easy,https://leetcode.com/problems/valid-palindrome/
127,Word Ladder,44.7%,Hard,https://leetcode.com/problems/word-ladder/
